row,values
geometric-mean,0.6711764610796321
kurtosis,0.013290167477074899
max,0.7658937388879602
mean,0.6733944924514952
median,0.6845572489806813
min,0.551092401031355
skewness,-0.6932359794971903
standard-deviation,0.0544328678581808
variance,0.0029629371032661726
