row,values
geometric-mean,0.8766568166427612
kurtosis,-0.5168112781478245
max,0.9010714285714286
mean,0.8769173280423281
median,0.8872916666666667
min,0.8285714285714285
skewness,-0.6317429309750625
standard-deviation,0.021629749226511643
variance,4.67846051601781E-4
