row,values
geometric-mean,0.8101669594321467
kurtosis,3.7969855722365637
max,0.9010714285714286
mean,0.8134265873015873
median,0.8177380952380954
min,0.6070238095238095
skewness,-1.8360560875370466
standard-deviation,0.06991963876320646
variance,0.004888755884777284
