row,values
geometric-mean,0.24814931953817093
kurtosis,0.5784694707985052
max,0.5880952380952381
mean,0.2769141203703704
median,0.24107142857142855
min,0.03749999999999999
skewness,0.7497509620875434
standard-deviation,0.12219393102036712
variance,0.014931356778210236
