row,values
geometric-mean,0.5887325657161843
kurtosis,-0.4033444567475195
max,0.7699725441833493
mean,0.5952750399460655
median,0.6096715144651839
min,0.4234518121470919
skewness,-0.1148815861722373
standard-deviation,0.0883204790230365
variance,0.00780050701485863
