row,values
geometric-mean,0.6301282934778302
kurtosis,1.0321281000112763
max,0.7791445374078555
mean,0.6370395740888575
median,0.644880339430429
min,0.37840358183886613
skewness,-0.8082051799759833
standard-deviation,0.09046014594128601
variance,0.008183038003718763
