row,values
geometric-mean,0.6095781540049106
kurtosis,1.4187207974652636
max,0.8886068036270732
mean,0.6412138209675997
median,0.6635426992838684
min,0.16015314580617024
skewness,-1.1210306116965891
standard-deviation,0.1700426779829295
variance,0.028914512335606254
