row,values
[addFeatureToExClass],0.6215033470733633
[addFeatureToNewClass],0.26180737341981913
[deleteEmptyClass],0.042865143413174996
[removeFeatureFromExClass],0.07382413609364245
