row,values
[],2.240143369175627E-5
[addUnassignedFeatureToExClass],0.3531287563547751
[addUnassignedFeatureToNewClass],0.16621143770827776
[deleteEmptyClass],0.04919689054818388
[moveFeatureToExClass],0.43144051395507144
