row,values
geometric-mean,0.6484236040511077
kurtosis,-1.0453136541109669
max,0.782968136304431
mean,0.652611558734957
median,0.6672487258690828
min,0.527101637982324
skewness,-0.06948594492092852
standard-deviation,0.07467162446685899
variance,0.005575851500519613
