row,values
geometric-mean,0.618334466371322
kurtosis,-0.4058173705513317
max,0.7743545494040407
mean,0.6220648296605683
median,0.6246424384683968
min,0.5079727229190657
skewness,0.23493445669389887
standard-deviation,0.06946218958206798
variance,0.004824995781535154
