row,values
geometric-mean,0.045595198894624094
kurtosis,-0.669329375028763
max,0.10916869135261428
mean,0.05587029542090666
median,0.05705818183816157
min,0.0017455216883914826
skewness,0.027686226760523923
standard-deviation,0.027630407438320584
variance,7.634394152076015E-4
