row,values
geometric-mean,0.6284047821194074
kurtosis,-0.3039956086492923
max,0.7223268689407553
mean,0.6315642931560099
median,0.6522621118684769
min,0.4767966708819438
skewness,-0.5878874167054567
standard-deviation,0.06277635848391792
variance,0.0039408711845013746
